No. of Files,Time Taken (sec)
100,0.016147851943969727
200,0.03617238998413086
300,0.05410313606262207
400,0.07512116432189941
500,0.09214997291564941
